algorithm,round,mean_changed_bits,std_changed_bits,avalanche_percent,ideal_avalanche_percent,deviation_from_50_percent,samples
Keccak-f[1600],1,22.04,2.3221376428461844,1.3775,50.0,48.6225,100
Keccak-f[1600],2,344.12,29.342381524602832,21.5075,50.0,28.4925,100
Keccak-f[1600],3,802.86,22.845559655206436,50.17875,50.0,0.17875000000000085,100
Keccak-f[1600],4,800.33,19.64588270021755,50.020625,50.0,0.020625000000002558,100
Keccak-f[1600],5,800.59,19.008288994674153,50.036875,50.0,0.03687500000000199,100
Keccak-f[1600],6,802.9,18.250501584362226,50.18125,50.0,0.18124999999999858,100
Keccak-f[1600],7,797.93,20.108420769881107,49.870625,50.0,0.12937500000000313,100
Keccak-f[1600],8,803.61,21.84004985749295,50.225625,50.0,0.22562500000000085,100
Keccak-f[1600],9,799.51,22.943274360558004,49.969375,50.0,0.03062500000000057,100
Keccak-f[1600],10,799.72,21.891873867125707,49.9825,50.0,0.017499999999998295,100
Keccak-f[1600],11,801.75,18.03104785831059,50.109375,50.0,0.109375,100
Keccak-f[1600],12,802.68,18.986374699832094,50.1675,50.0,0.16749999999999687,100
Keccak-f[1600],13,802.3,20.577765778734204,50.14375,50.0,0.14374999999999716,100
Keccak-f[1600],14,802.56,20.69027000131397,50.16,50.0,0.1599999999999966,100
Keccak-f[1600],15,799.11,19.398997683156498,49.944375,50.0,0.05562499999999915,100
Keccak-f[1600],16,798.84,21.030386865608815,49.9275,50.0,0.07249999999999801,100
Keccak-f[1600],17,801.78,21.595257616318253,50.11125,50.0,0.1112499999999983,100
Keccak-f[1600],18,797.93,18.357424942105865,49.870625,50.0,0.12937500000000313,100
Keccak-f[1600],19,800.9,19.057859801195416,50.05625,50.0,0.05624999999999858,100
Keccak-f[1600],20,803.54,19.066825597981392,50.22125,50.0,0.22124999999999773,100
Keccak-f[1600],21,798.83,22.430163223263047,49.926875,50.0,0.07312499999999744,100
Keccak-f[1600],22,802.24,18.680254794619884,50.14,50.0,0.14000000000000057,100
Keccak-f[1600],23,798.43,19.356963093471563,49.901875,50.0,0.09812500000000313,100
Keccak-f[1600],24,799.98,19.831604202699417,49.99875,50.0,0.0012499999999988631,100
Xoodoo,1,19.21,2.5477064353665395,5.002604166666667,50.0,44.997395833333336,100
Xoodoo,2,127.43,11.111241918421944,33.184895833333336,50.0,16.815104166666664,100
Xoodoo,3,191.26,9.978380670633928,49.807291666666664,50.0,0.1927083333333357,100
Xoodoo,4,192.89,10.113392461024494,50.231770833333336,50.0,0.2317708333333357,100
Xoodoo,5,191.4,9.213516640723501,49.84375,50.0,0.15625,100
Xoodoo,6,193.18,9.59206321745623,50.307291666666664,50.0,0.3072916666666643,100
Xoodoo,7,191.65,9.489361400957378,49.908854166666664,50.0,0.0911458333333357,100
Xoodoo,8,192.42,9.612891176315104,50.109375,50.0,0.109375,100
Xoodoo,9,190.41,10.9055587716179,49.5859375,50.0,0.4140625,100
Xoodoo,10,191.13,8.508646819975002,49.7734375,50.0,0.2265625,100
Xoodoo,11,193.28,9.513499180988385,50.333333333333336,50.0,0.3333333333333357,100
Xoodoo,12,190.73,8.947495558404976,49.669270833333336,50.0,0.3307291666666643,100
Ascon-p[320],1,9.27,2.5970262714392116,2.896875,50.0,47.103125,100
Ascon-p[320],2,55.57,11.694991589686085,17.365625,50.0,32.634375,100
Ascon-p[320],3,143.59,12.25906796925229,44.871875,50.0,5.128124999999997,100
Ascon-p[320],4,159.74,9.51513414397179,49.91875,50.0,0.08124999999999716,100
Ascon-p[320],5,159.51,7.8386442344542875,49.846875,50.0,0.15312500000000284,100
Ascon-p[320],6,159.76,9.396023229284426,49.925,50.0,0.07500000000000284,100
Ascon-p[320],7,159.55,9.874336699370001,49.85937500000001,50.0,0.1406249999999929,100
Ascon-p[320],8,161.81,9.049465635208982,50.565625,50.0,0.5656249999999972,100
Ascon-p[320],9,159.81,9.675226095549396,49.940625,50.0,0.05937500000000284,100
Ascon-p[320],10,160.01,9.76852810888833,50.003125,50.0,0.003124999999997158,100
Ascon-p[320],11,160.04,9.212332533461366,50.0125,50.0,0.012500000000002842,100
Ascon-p[320],12,160.26,8.600704692763331,50.08125,50.0,0.08124999999999716,100
Gimli,1,2.88,0.6857864319910612,0.75,50.0,49.25,100
Gimli,2,8.42,2.4992119970223823,2.1927083333333335,50.0,47.807291666666664,100
Gimli,3,22.93,6.644288197885884,5.971354166666667,50.0,44.028645833333336,100
Gimli,4,58.3,15.926916420533722,15.182291666666666,50.0,34.817708333333336,100
Gimli,5,106.5,26.248809496813376,27.734375,50.0,22.265625,100
Gimli,6,165.49,17.517376654296292,43.096354166666664,50.0,6.903645833333336,100
Gimli,7,190.13,10.842914178337292,49.513020833333336,50.0,0.4869791666666643,100
Gimli,8,193.02,9.417349130539053,50.265625,50.0,0.265625,100
Gimli,9,192.78,8.914385151330551,50.203125,50.0,0.203125,100
Gimli,10,191.42,8.763076808491133,49.848958333333336,50.0,0.1510416666666643,100
Gimli,11,190.72,9.181756175408191,49.666666666666664,50.0,0.3333333333333357,100
Gimli,12,193.1,9.739537250741735,50.286458333333336,50.0,0.2864583333333357,100
Gimli,13,193.36,10.452895785524234,50.354166666666664,50.0,0.3541666666666643,100
Gimli,14,191.88,9.438027528904737,49.96875,50.0,0.03125,100
Gimli,15,188.9,11.214618886421276,49.192708333333336,50.0,0.8072916666666643,100
Gimli,16,191.77,9.376367240368875,49.940104166666664,50.0,0.0598958333333357,100
Gimli,17,192.41,10.591682461900817,50.106770833333336,50.0,0.1067708333333357,100
Gimli,18,191.17,10.190166581047384,49.783854166666664,50.0,0.2161458333333357,100
Gimli,19,191.4,9.024097929119755,49.84375,50.0,0.15625,100
Gimli,20,191.69,8.658148494541738,49.919270833333336,50.0,0.0807291666666643,100
Gimli,21,192.44,9.825055581100656,50.114583333333336,50.0,0.1145833333333357,100
Gimli,22,191.08,9.435244479282895,49.760416666666664,50.0,0.2395833333333357,100
Gimli,23,192.21,10.491261394921281,50.0546875,50.0,0.0546875,100
Gimli,24,192.37,9.582870871581967,50.096354166666664,50.0,0.0963541666666643,100
ChaCha,2,183.04,36.480773959537494,35.75,50.0,14.25,100
ChaCha,4,255.31,11.967713299380197,49.865234375,50.0,0.134765625,100
ChaCha,6,255.66,11.704458271716101,49.93359375,50.0,0.06640625,100
ChaCha,8,257.42,10.70464828705245,50.27734375,50.0,0.27734375,100
ChaCha,10,256.66,11.21256510177828,50.12890625000001,50.0,0.1289062500000071,100
ChaCha,12,255.4,10.367977116822235,49.8828125,50.0,0.1171875,100
ChaCha,14,257.0,11.581071285559558,50.1953125,50.0,0.1953125,100
ChaCha,16,256.77,10.476385181189476,50.150390625,50.0,0.150390625,100
ChaCha,18,256.56,10.423671584088272,50.109375,50.0,0.109375,100
ChaCha,20,255.02,12.423487042816534,49.80859375,50.0,0.19140625,100
Haraka-style-256,1,129.52,12.140989925192937,50.59375000000001,50.0,0.5937500000000071,100
Haraka-style-256,2,128.0,11.111919162536573,50.0,50.0,0.0,100
Haraka-style-256,3,128.88,11.279085857363519,50.34375,50.0,0.34375,100
Haraka-style-256,4,127.08,10.349137474429764,49.640625,50.0,0.359375,100
Haraka-style-256,5,128.32,11.778151318642857,50.125,50.0,0.125,100
Haraka-style-512,1,128.48,12.719570540999989,25.093749999999996,50.0,24.906250000000004,100
Haraka-style-512,2,192.76,10.650669822915726,37.6484375,50.0,12.3515625,100
Haraka-style-512,3,256.36,11.453480790668932,50.0703125,50.0,0.0703125,100
Haraka-style-512,4,255.38,11.998973020027735,49.87890625,50.0,0.12109375,100
Haraka-style-512,5,254.44,11.394061894892728,49.6953125,50.0,0.3046875,100
GBS-photonic,1,244.16,166.9315906579577,15.26,50.0,34.74,100
GBS-photonic,2,717.11,157.43819662831427,44.819375,50.0,5.180624999999999,100
GBS-photonic,3,797.67,22.296013594860906,49.854375,50.0,0.14562500000000256,100
GBS-photonic,4,803.68,19.926065361934373,50.23,50.0,0.22999999999999687,100
GBS-photonic,5,802.56,16.872857888731634,50.16,50.0,0.1599999999999966,100
GBS-photonic,6,797.61,18.82771168444873,49.850625,50.0,0.14937499999999915,100
GBS-photonic,7,801.13,19.72469866369921,50.070625,50.0,0.07062499999999972,100
GBS-photonic,8,800.81,21.051017874092302,50.050625,50.0,0.05062499999999659,100
