message_bytes,absorbed_blocks,runtime_seconds,digest_hex
0,1,0.0026373000000603497,a7ffc6f8bf1ed76651c14756a061d662f580ff4de43b49fa82d80a4b80f8434a
1,1,0.0025515999950584956,5d53469f20fef4f8eab52b88044ede69c77a6a68a60728609fc4a65ff531e7d0
2,1,0.002517700006137602,76ab70dc46775b641a8e71507b07145aed11ae5efc0baa94ac06876af2b3bf5c
7,1,0.0024937999987741932,59b1add388b7d625d2797894a4d88c7554a796a5a3d8ae232bf5f86bd72d5756
8,1,0.0024664999946253374,eb4d0f2add0f6d0b26f0c65dbe71fe617cc6b43fb403649e82cc8bab41195f4e
15,1,0.0024438000036752783,89c25ecfdaea85b2f360c15a2ecf31f0bd59a0ce821a1aac31e2f73093dc4cd8
16,1,0.0024663000003783964,39462d2a2320f8da572a97b0b39473d4312e0228b23e2c2fe0ae9b6c67f2343c
31,1,0.0024682000002940185,be29b022732a2e397fe039ec17766da33a16d25555502775b0577bacbca40625
32,1,0.002675600000657141,050a48733bd5c2756ba95c5828cc83ee16fabcd3c086885b7744f84a0f9e0d94
63,1,0.0024535999982617795,ba7af58d214bb604bcaad40ad55cca7d9815e7535f1c9837be8fb8fee2519560
64,1,0.0024553000039304607,c8ad478f4e1dd9d47dfc3b985708d92db1f8db48fe9cddd459e63c321f490402
127,1,0.002454800000123214,c66018e60c774d770cc6539d42c023fa974c29e3fe2db5925f226b9cc5cf8b05
128,1,0.0024437999963993207,bec3ebfba06834f224543cca2a427cb9329147be93e19aeb0e33a7119c7f63ef
135,2,0.004883499997959007,f404d22e2e1d0522d565f860850c742f4ecbd146803f4adc544c3d7f1650814e
136,2,0.0032666000042809173,cf3ccff92480a29160c2d38317c430e14749bfee1788106957dfe73f8c4930e5
137,2,0.0032659999997122213,ce9d7dc90913ee5d92745019479a5352c6d6279bef18ed07dc0a83ee8084daca
255,2,0.0032635000025038607,ceb94e2e8bd45bbb4af2a3aaa05cc3f7bc010a6c68e242923ce3731a108df8e1
256,2,0.0032460999937029555,9b04c091da96b997afb8f2585d608aebe9c4a904f7d52c8f28c7e4d2dd9fba5f
1024,8,0.012964000001375098,b6c70631c6ff932b9f380d9cde8750eb9bea393817a9aea410c2119eb7b9b870
